epoch,time,train/box_loss,train/cls_loss,train/dfl_loss,metrics/precision(B),metrics/recall(B),metrics/mAP50(B),metrics/mAP50-95(B),val/box_loss,val/cls_loss,val/dfl_loss,lr/pg0,lr/pg1,lr/pg2
1,11.0089,2.79062,17.6048,1.62815,0,0,0,0,nan,nan,nan,0.0004,0.0004,0.0004
2,19.0648,2.84248,5.75697,1.70186,0,0,0,0,nan,nan,nan,0.000815941,0.000815941,0.000815941
3,26.6136,3.30021,4.32425,1.9298,0,0,0,0,nan,nan,nan,0.00122772,0.00122772,0.00122772
4,34.0419,3.34698,3.25024,1.88949,0,0,0,0,nan,nan,nan,0.00163535,0.00163535,0.00163535
5,41.2755,3.41001,3.52799,1.81489,0,0,0,0,nan,nan,nan,0.0019604,0.0019604,0.0019604
6,48.1461,3.33039,2.80225,1.7408,0,0,0,0,nan,nan,nan,0.0019505,0.0019505,0.0019505
7,54.9227,3.19673,2.70783,1.71265,0,0,0,0,nan,nan,nan,0.0019406,0.0019406,0.0019406
8,61.9221,3.17174,2.70953,1.77277,0,0,0,0,nan,nan,nan,0.0019307,0.0019307,0.0019307
9,68.7151,2.92806,2.14928,1.54466,0.2994,0.10714,0.07847,0.01553,nan,nan,nan,0.0019208,0.0019208,0.0019208
10,75.4085,2.85744,2.19153,1.66812,0.22218,0.17857,0.07378,0.01647,nan,nan,nan,0.0019109,0.0019109,0.0019109
11,82.0069,2.7837,1.9678,1.6134,0.01209,0.03571,0.00082,8e-05,5.11228,16.1542,8.3847,0.001901,0.001901,0.001901
12,88.5744,2.81501,1.93221,1.69124,0.00011,0.03571,6e-05,2e-05,4.96859,29.5458,5.96517,0.0018911,0.0018911,0.0018911
13,95.0482,2.78441,2.12662,1.57716,0,0,0,0,5.56909,38.1827,7.80432,0.0018812,0.0018812,0.0018812
14,101.581,2.78036,1.87129,1.65459,0.08312,0.14286,0.02189,0.00383,3.76086,13.7695,2.90849,0.0018713,0.0018713,0.0018713
15,108.162,2.63217,1.89572,1.50292,0.4643,0.42857,0.33859,0.07481,2.64493,2.19318,1.58392,0.0018614,0.0018614,0.0018614
16,114.945,2.64255,1.91995,1.58729,0.18671,0.10714,0.05412,0.0135,3.61024,1.88802,2.87593,0.0018515,0.0018515,0.0018515
17,121.812,2.59465,1.74232,1.51698,0.39983,0.25,0.22171,0.04843,3.73323,2.76324,2.44193,0.0018416,0.0018416,0.0018416
18,128.5,2.4544,1.70884,1.43784,0.19127,0.14286,0.06418,0.01871,3.45728,3.5973,2.48655,0.0018317,0.0018317,0.0018317
19,135.229,2.49484,1.69434,1.47824,0.48004,0.36292,0.37671,0.12926,2.83103,1.83741,1.59596,0.0018218,0.0018218,0.0018218
20,142.189,2.39994,1.57079,1.35598,0.49866,0.35714,0.35538,0.11447,2.68541,1.72809,1.5729,0.0018119,0.0018119,0.0018119
21,148.887,2.32881,1.59712,1.40793,0.39897,0.25,0.21153,0.08315,2.99295,2.13993,1.81115,0.001802,0.001802,0.001802
22,155.684,2.18035,1.52552,1.32765,0.78559,0.03571,0.03506,0.00585,4.67085,26.8798,6.95525,0.0017921,0.0017921,0.0017921
23,162.345,2.31729,1.60125,1.36578,0.67104,0.32143,0.37811,0.13587,nan,nan,nan,0.0017822,0.0017822,0.0017822
24,169.745,2.30322,1.57108,1.39648,0.00583,0.03571,0.00705,0.00212,5.125,26.9295,5.75752,0.0017723,0.0017723,0.0017723
25,176.503,2.2484,1.47533,1.36489,0.10119,0.07143,0.02391,0.00554,4.37622,3.20656,3.45146,0.0017624,0.0017624,0.0017624
26,183.288,2.18922,1.45999,1.31418,0.38352,0.32143,0.24843,0.08604,2.64479,2.35061,1.69683,0.0017525,0.0017525,0.0017525
27,190.174,2.24834,1.41351,1.36904,0.88253,0.07143,0.07536,0.03714,3.98955,7.34425,3.56211,0.0017426,0.0017426,0.0017426
28,196.907,2.07786,1.45805,1.30683,0,0,0,0,5.52788,20.9666,7.67919,0.0017327,0.0017327,0.0017327
29,203.59,2.22953,1.46169,1.32156,0.79854,0.64286,0.76029,0.34587,2.02224,1.31635,1.28009,0.0017228,0.0017228,0.0017228
30,210.476,2.20496,1.38345,1.31374,0.68413,0.75,0.69536,0.30375,2.02808,1.32542,1.21025,0.0017129,0.0017129,0.0017129
31,217.146,2.22107,1.33496,1.2863,0.45006,0.57143,0.4153,0.1588,2.49096,1.57425,1.39467,0.001703,0.001703,0.001703
32,223.851,2.11262,1.38316,1.33059,0.64194,0.64286,0.67929,0.2847,2.09289,1.69488,1.28537,0.0016931,0.0016931,0.0016931
33,230.608,2.14276,1.41642,1.36616,0,0,0,0,5.66916,6.89294,6.6323,0.0016832,0.0016832,0.0016832
34,237.424,2.18676,1.40677,1.40425,0,0,0,0,5.69469,45.8375,7.38763,0.0016733,0.0016733,0.0016733
35,244.545,2.13535,1.39354,1.33808,0.04348,0.14286,0.0348,0.00803,nan,nan,nan,0.0016634,0.0016634,0.0016634
36,251.355,2.22813,1.34593,1.30632,0.35754,0.07143,0.05518,0.01457,4.79292,40.7644,5.2338,0.0016535,0.0016535,0.0016535
37,258.147,2.11859,1.25271,1.21677,0.37546,0.14286,0.07584,0.02833,3.12982,3.66724,2.08386,0.0016436,0.0016436,0.0016436
38,265.277,2.13399,1.24818,1.27213,0,0,0,0,5.53256,3.54369,7.34156,0.0016337,0.0016337,0.0016337
39,272.058,2.01283,1.29478,1.2047,0.00124,0.03571,0.00088,0.00018,5.17952,3.7656,4.95402,0.0016238,0.0016238,0.0016238
40,278.785,2.22472,1.35405,1.37917,0.78851,0.66611,0.70517,0.32239,2.13874,1.25014,1.2937,0.0016139,0.0016139,0.0016139
41,285.334,1.94736,1.28677,1.25505,0.64927,0.85954,0.74472,0.25582,2.33795,1.19421,1.33254,0.001604,0.001604,0.001604
42,291.903,1.81053,1.12149,1.26731,0.87443,0.49758,0.58711,0.25593,2.35215,1.66103,1.37021,0.0015941,0.0015941,0.0015941
43,298.436,1.97243,1.25683,1.2718,0.83701,0.64286,0.77367,0.30987,2.08909,1.27016,1.22764,0.0015842,0.0015842,0.0015842
44,305.038,2.13651,1.28259,1.30732,0.89705,0.75,0.82435,0.3643,1.95875,1.14364,1.24769,0.0015743,0.0015743,0.0015743
45,311.779,1.91698,1.18543,1.21111,0.50005,0.10714,0.08088,0.01522,3.42103,8.12896,2.1852,0.0015644,0.0015644,0.0015644
46,318.408,1.94063,1.27513,1.23417,0.79392,0.60714,0.66389,0.25766,2.25451,1.40691,1.26063,0.0015545,0.0015545,0.0015545
47,325.005,1.92086,1.11817,1.21322,0.83457,0.67857,0.79285,0.31076,1.87228,1.45408,1.11374,0.0015446,0.0015446,0.0015446
48,331.648,1.90774,1.17105,1.20849,0.76687,0.60714,0.69345,0.26457,2.14765,1.89916,1.29342,0.0015347,0.0015347,0.0015347
49,338.184,1.81182,1.09073,1.23823,0.83824,0.03571,0.0364,0.00429,4.63952,8.55116,4.89341,0.0015248,0.0015248,0.0015248
50,344.73,1.88212,1.10549,1.20528,0.00649,0.03571,0.00169,0.00051,5.04126,5.49573,4.31072,0.0015149,0.0015149,0.0015149
51,351.469,1.93011,1.18186,1.2186,0.69499,0.73272,0.69072,0.27756,1.95239,1.08464,1.15795,0.001505,0.001505,0.001505
52,358.159,1.9165,1.13106,1.17029,0.6782,0.57143,0.61212,0.26512,2.17734,1.26372,1.34362,0.0014951,0.0014951,0.0014951
53,364.802,1.85643,1.06941,1.16055,0.42994,0.17857,0.20937,0.05436,3.15345,2.10454,2.39709,0.0014852,0.0014852,0.0014852
54,371.522,1.84351,1.08553,1.2747,0.90446,0.82143,0.85154,0.37272,1.84286,1.00494,1.14256,0.0014753,0.0014753,0.0014753
55,378.387,1.82279,1.07221,1.17361,0.92119,0.83521,0.91019,0.39227,1.91273,0.99378,1.11767,0.0014654,0.0014654,0.0014654
56,385.259,1.73076,0.96583,1.13726,0.54182,0.25,0.30016,0.08588,2.24378,2.73883,1.46693,0.0014555,0.0014555,0.0014555
57,391.923,1.76219,1.07378,1.20631,0.90836,0.70828,0.73009,0.36356,1.89466,1.03773,1.18984,0.0014456,0.0014456,0.0014456
58,398.63,1.7265,1.03918,1.19191,0.98767,0.67857,0.80597,0.41308,1.78898,1.0759,1.16873,0.0014357,0.0014357,0.0014357
59,405.486,1.68004,1.0887,1.14729,0.91527,0.77192,0.8676,0.39648,1.98569,1.1091,1.23098,0.0014258,0.0014258,0.0014258
60,412.272,1.73793,1.08383,1.17266,0.60481,0.25,0.3386,0.10616,2.86022,2.5082,2.07328,0.0014159,0.0014159,0.0014159
61,418.982,1.77818,1.15807,1.17577,0,0,0,0,5.17574,11.7175,8.34655,0.001406,0.001406,0.001406
62,425.677,1.61047,1.03074,1.16751,0.88444,0.03571,0.03579,0.01164,4.51435,32.5627,4.21956,0.0013961,0.0013961,0.0013961
63,432.288,1.6086,0.9825,1.09053,0.77174,0.5,0.59097,0.25005,2.18508,1.92393,1.35744,0.0013862,0.0013862,0.0013862
64,439.067,1.70775,1.02216,1.23429,0.00269,0.17857,0.00212,0.0007,3.73172,9.22069,3.76721,0.0013763,0.0013763,0.0013763
65,445.858,1.67878,0.99072,1.14797,0.95226,0.71245,0.77304,0.31129,2.22402,1.27232,1.28093,0.0013664,0.0013664,0.0013664
66,452.575,1.60395,0.98315,1.11786,0.47373,0.35714,0.37885,0.09152,2.76044,2.13317,1.61016,0.0013565,0.0013565,0.0013565
67,459.446,1.56232,0.94232,1.16091,0.49655,0.10714,0.1589,0.04101,2.97434,2.58294,1.79947,0.0013466,0.0013466,0.0013466
68,466.223,1.52542,0.85046,1.04087,0.81775,0.46429,0.47184,0.23189,1.9938,1.66549,1.24544,0.0013367,0.0013367,0.0013367
69,473.12,1.63268,0.95592,1.12974,0.99203,0.71429,0.8378,0.39621,1.79441,1.24723,1.13835,0.0013268,0.0013268,0.0013268
70,479.878,1.52737,0.92353,1.14166,0.19194,0.07143,0.06246,0.0229,3.5106,3.14357,3.37101,0.0013169,0.0013169,0.0013169
71,487.2,1.60618,0.9323,1.12969,0.04038,0.07143,0.0092,0.00386,3.94576,4.08864,3.60169,0.001307,0.001307,0.001307
72,494.03,1.63253,0.92924,1.13984,0.97996,0.35714,0.40206,0.14996,2.62126,nan,1.8126,0.0012971,0.0012971,0.0012971
73,500.655,1.52731,0.91718,1.10956,0.94718,0.64055,0.74542,0.34894,1.94221,1.19241,1.15338,0.0012872,0.0012872,0.0012872
74,507.244,1.57502,0.89458,1.13216,0.85646,0.21429,0.22197,0.11678,2.27201,nan,1.66796,0.0012773,0.0012773,0.0012773
75,513.838,1.69044,1.0009,1.10744,0.73873,0.30372,0.30958,0.12941,2.09662,nan,1.42021,0.0012674,0.0012674,0.0012674
76,520.512,1.63393,0.92973,1.12101,0.45349,0.03571,0.03582,0.02129,4.21209,31.4952,5.05603,0.0012575,0.0012575,0.0012575
77,527.073,1.53371,0.93588,1.06936,0.68617,0.53571,0.65523,0.3032,2.05204,1.4907,1.27207,0.0012476,0.0012476,0.0012476
78,533.695,1.45626,0.88923,1.05529,0.94087,0.78571,0.85304,0.40799,1.8252,1.0294,1.13392,0.0012377,0.0012377,0.0012377
79,540.304,1.60779,0.97567,1.12389,0.99436,0.71429,0.85958,0.38281,1.88038,1.20879,1.17823,0.0012278,0.0012278,0.0012278
80,546.825,1.47344,0.8911,1.08319,0.77576,0.24741,0.31358,0.09104,2.77329,2.85941,1.64327,0.0012179,0.0012179,0.0012179
81,553.389,1.59722,1.04804,1.19439,0.6547,0.39286,0.4087,0.17733,2.36132,2.42839,1.54038,0.001208,0.001208,0.001208
82,560.013,1.60821,0.93283,1.0613,0.65589,0.28571,0.30504,0.13104,2.56187,1.85019,1.81964,0.0011981,0.0011981,0.0011981
83,566.805,1.54465,0.92594,1.06443,0.94295,0.75,0.83722,0.46054,1.50106,1.04642,1.06975,0.0011882,0.0011882,0.0011882
84,573.745,1.504,0.84973,1.121,0.9144,0.78571,0.87663,0.51255,1.50818,0.9737,1.04375,0.0011783,0.0011783,0.0011783
85,580.609,1.53583,0.89893,1.1344,0.96122,0.88535,0.91472,0.44076,1.71393,0.84394,1.09054,0.0011684,0.0011684,0.0011684
86,587.227,1.57826,0.88625,1.08425,0.8283,0.89286,0.88192,0.4818,1.65032,0.93844,1.06043,0.0011585,0.0011585,0.0011585
87,594.02,1.60032,0.91018,1.09833,0.88388,0.35714,0.42186,0.18751,2.50751,2.89552,1.62165,0.0011486,0.0011486,0.0011486
88,600.706,1.62242,0.92958,1.09989,0.10311,0.14286,0.05438,0.03401,nan,nan,nan,0.0011387,0.0011387,0.0011387
89,607.494,1.52018,0.92428,1.12591,0.93675,0.78571,0.8751,0.40523,1.85506,0.87983,1.15187,0.0011288,0.0011288,0.0011288
90,614.122,1.46818,0.83482,1.10042,0.87707,0.75,0.82507,0.41764,1.73766,0.91096,1.11171,0.0011189,0.0011189,0.0011189
91,620.733,1.46924,0.87266,1.07938,0.95817,0.81826,0.90685,0.50016,1.53414,0.86606,1.05912,0.001109,0.001109,0.001109
92,627.394,1.50691,0.8508,1.08538,0.9567,0.85714,0.90391,0.45025,1.63263,0.7742,1.10707,0.0010991,0.0010991,0.0010991
93,634.008,1.47404,0.86852,1.10034,0.84788,0.82143,0.80811,0.41841,1.64838,0.95139,1.14341,0.0010892,0.0010892,0.0010892
94,640.807,1.59551,0.91207,1.14664,0.91088,0.73042,0.87702,0.46805,1.71738,1.09268,1.08557,0.0010793,0.0010793,0.0010793
95,647.351,1.46243,0.87055,1.09517,0.92762,0.82143,0.93025,0.48443,1.59016,0.90746,1.05152,0.0010694,0.0010694,0.0010694
96,653.883,1.46705,0.82759,1.10381,0.76498,0.81394,0.80825,0.40022,1.73613,1.30911,1.13395,0.0010595,0.0010595,0.0010595
97,660.376,1.32191,0.80944,1.03313,1,0.74764,0.86589,0.45095,1.62833,0.9542,1.06332,0.0010496,0.0010496,0.0010496
98,666.876,1.38565,0.77526,1.04306,0.49988,0.17857,0.17091,0.06556,3.23192,2.32735,2.72184,0.0010397,0.0010397,0.0010397
99,673.443,1.41316,0.78704,1.09295,0.80925,0.9094,0.906,0.50005,1.67739,0.81536,1.1127,0.0010298,0.0010298,0.0010298
100,680.04,1.48979,0.81385,1.14314,0.86893,0.85714,0.84515,0.44503,1.67912,1.21414,1.07687,0.0010199,0.0010199,0.0010199
101,686.745,1.38368,0.79222,1.03183,0.95375,0.78571,0.89109,0.44158,1.63116,1.04172,1.04827,0.00101,0.00101,0.00101
102,693.488,1.3196,0.77335,1.04664,0.77533,0.82143,0.80119,0.37264,1.68732,1.0803,1.09081,0.0010001,0.0010001,0.0010001
103,699.977,1.37251,0.80473,1.05524,0.9199,0.75,0.88445,0.46295,1.649,0.94148,1.11602,0.0009902,0.0009902,0.0009902
104,706.866,1.3948,0.7828,1.01077,0.94588,0.71429,0.79382,0.35191,1.91546,1.34876,1.17312,0.0009803,0.0009803,0.0009803
105,713.519,1.29467,0.75523,1.01099,0.88795,0.84927,0.89072,0.44794,1.65227,1.03948,1.07127,0.0009704,0.0009704,0.0009704
106,720.494,1.34373,0.73722,1.02032,0.80273,0.78571,0.83666,0.44133,1.59518,1.05077,1.06654,0.0009605,0.0009605,0.0009605
107,727.5,1.30218,0.77261,0.96124,0.91075,0.7293,0.83396,0.41736,1.79482,1.02263,1.19707,0.0009506,0.0009506,0.0009506
108,734.182,1.37673,0.78587,1.04597,0.94577,0.85714,0.89853,0.43497,1.64795,0.85785,1.09009,0.0009407,0.0009407,0.0009407
109,740.796,1.27885,0.75001,0.99274,1,0.8492,0.94247,0.50254,1.58093,0.91445,1.05865,0.0009308,0.0009308,0.0009308
110,747.473,1.34186,0.73034,1.01602,0.95203,0.82143,0.93946,0.4991,1.5046,nan,1.05894,0.0009209,0.0009209,0.0009209
111,754.216,1.30126,0.74889,1.01666,0.87481,0.74876,0.8573,0.42913,nan,nan,nan,0.000911,0.000911,0.000911
112,760.901,1.31518,0.70328,1.01336,0.9142,0.85714,0.89144,0.45734,1.61748,0.89604,1.11256,0.0009011,0.0009011,0.0009011
113,767.562,1.25272,0.75246,0.97669,0.95634,0.78234,0.79146,0.40968,nan,nan,nan,0.0008912,0.0008912,0.0008912
114,774.228,1.27613,0.74156,1.04184,0.87411,0.74417,0.74055,0.42093,nan,nan,nan,0.0008813,0.0008813,0.0008813
